﻿<?xml version="1.0" encoding="utf-8"?>
<mstns:Metadata xmlns="http://tempuri.org/XMLSchema.xsd" xmlns:mstns="http://tempuri.org/XMLSchema.xsd" xmlns:xs="http://www.w3.org/2001/XMLSchema">
  <mstns:Data_Provider_Contact_Details>
    <mstns:Name>Ulrich Brose</mstns:Name>
    <mstns:Email>ulrich.brose@idiv.de</mstns:Email>
    <mstns:Role>
      <mstns:Data_Manager>true</mstns:Data_Manager>
      <mstns:Primary_Contact>true</mstns:Primary_Contact>
    </mstns:Role>
    <mstns:Affiliation>German Centre for Integrative Biodiversity Research (iDiv) Halle-Jena-Leipzig</mstns:Affiliation>
    <mstns:Country>Germany</mstns:Country>
    <mstns:Research_Group>
      <mstns:Research_Group>Theory in Biodiversity Science</mstns:Research_Group>
    </mstns:Research_Group>
  </mstns:Data_Provider_Contact_Details>
  <mstns:Dataset>
    <mstns:Project_or_Workshop_or_Thesis_Title>Predator traits determine food-web architecture across ecosystem</mstns:Project_or_Workshop_or_Thesis_Title>
    <mstns:Dataset_Title>GlobAL daTabasE of traits and food Web Architecture (GATEWAy) version 1.0</mstns:Dataset_Title>
    <mstns:Short_Abstract>GATEWAy contains global set of complex food webs with species traits such as body masses, metabolic types, movement types and ecosystem types</mstns:Short_Abstract>
    <mstns:Keywords>food webs, species traits, body masses</mstns:Keywords>
    <mstns:Data_Access_Policy>Open (CC BY 4.0)</mstns:Data_Access_Policy>
    <mstns:Data_Origin>Data Compilation</mstns:Data_Origin>
    <mstns:Status_Of_The_Data_Collection>Completed</mstns:Status_Of_The_Data_Collection>
  </mstns:Dataset>
  <mstns:Spatial_Cover>
    <mstns:Coverage>Global</mstns:Coverage>
  </mstns:Spatial_Cover>
</mstns:Metadata>