Score,Label
0.7486345,1
0.9535354,1
0.9643784,1
0.9409249,1
0.9920941,1
0.9996923,1
0.5907329,1
0.9643784,1
0.9998239,1
0.9999894,1
1,1
1,1
0.9999999,1
1,1
0.9991665,1
0.3294249,1
0.944311,1
0.7066147,1
1,1
0.9272867,1
0.1617897,1
0.9997999,1
0.9236018,1
0.9664236,1
6.761133e-05,1
0.9987803,1
0.002513958,1
0.9877996,1
0.9989349,1
0.9382246,1
0.9999948,1
0.1251218,1
0.0002927378,1
0.9995271,1
0.9995271,1
0.9995271,1
0.05645137,1
0.05645137,1
0.6843569,1
1,1
2.512327e-07,1
0.9999866,1
0.01730688,1
0.9988831,1
1,1
0.9999825,1
1,1
0.8818251,1
0.9990276,1
1,1
0.9999998,1
0.977514,1
0.002152208,1
0.08228955,1
1,1
0.9997968,1
1,1
0.2152437,1
0.9350207,1
0.9999999,1
0.9997968,1
2.997876e-06,1
1,1
1,1
0.9999825,1
0.9999987,1
1,1
1,1
0.9999995,1
1,1
0.08228955,1
0.9990276,1
0.5783039,1
0.9815208,1
1,1
0.08228955,1
0.9990276,1
0.4131753,1
0.9999952,1
1,1
1,1
0.9999872,1
0.9999969,1
0.01017378,1
0.9999249,1
0.9992428,1
0.9999998,1
0.9999988,1
0.2449511,1
0.9999993,1
0.9634698,1
2.197896e-05,1
0.9791579,1
0.9791579,1
0.2449511,1
0.9998536,1
0.9997595,1
0.9885138,1
0.9991201,1
0.9999998,1
0.9998536,1
0.999984,1
0.9998536,1
1,1
0.9999249,1
0.2449511,1
0.2449511,1
0.9992428,1
0.9998772,1
0.9998729,1
0.9999959,1
0.2449511,1
0.9999641,1
0.9791579,1
0.9999973,1
0.9999992,1
0.9999992,1
0.9951219,1
0.9643784,1
0.1586458,1
0.7804573,1
0.9999958,1
1,1
0.6081697,1
0.9999768,1
0.9999132,1
0.9999943,1
0.9999673,1
0.9975458,1
0.9999949,1
0.9982665,1
0.9458672,1
0.9952664,1
0.9971669,1
0.9989026,1
0.9998837,1
0.9996982,1
0.9999459,1
0.9257039,1
0.9995996,1
0.9877996,1
0.9998493,1
0.3887875,1
0.951671,1
0.3887875,1
0.3887875,1
0.9228904,1
0.9998493,1
0.3887875,1
0.3887875,1
0.9998493,1
0.3887875,1
0.9948367,1
0.9948367,1
0.9998493,1
0.999731,1
0.9998493,1
0.9998493,1
0.9998493,1
0.9256455,1
0.3887875,1
0.3887875,1
0.3887875,1
0.9998493,1
0.9998493,1
0.9998493,1
0.9998493,1
0.9992197,1
0.951671,1
0.9994853,1
0.9991161,1
0.951671,1
0.3887875,1
0.9948367,1
0.9948367,1
0.3887875,1
0.3887875,1
0.3887875,1
0.3887875,1
0.999731,1
0.3887875,1
0.3887875,1
0.9994853,1
0.9998493,1
0.9998493,1
0.3887875,1
0.3887875,1
0.3887875,1
0.9992197,1
0.9998493,1
0.9998493,1
0.3887875,1
0.9993892,1
0.9992197,1
0.999731,1
0.999731,1
0.9655887,1
0.9940274,1
0.8664935,1
0.9837236,1
0.9980926,1
0.3294249,1
0.844876,1
0.3294249,1
0.7066147,1
0.9940274,1
0.3294249,1
0.9912469,1
0.9940274,1
0.9940274,1
0.3294249,1
0.8257752,1
0.9991753,1
0.9655887,1
0.9912488,1
0.9200925,1
0.9655887,1
0.9991753,1
0.9941373,1
0.9941373,1
0.9941373,1
0.9951443,1
0.9912488,1
0.995449,1
0.8257752,1
0.9994242,1
0.8257752,1
0.3294249,1
0.3294249,1
0.9940274,1
0.9951443,1
0.9655887,1
0.3294249,1
0.3294249,1
0.9991753,1
0.9940274,1
0.9940274,1
0.9943383,1
0.9940274,1
0.9999903,1
0.9999946,1
0.9998775,1
0.9998775,1
0.9992322,1
0.9999087,1
0.08518086,1
0.9998775,1
0.06237162,1
0.9997849,1
1,1
0.9999942,1
0.5416957,1
0.06237162,1
0.9999087,1
0.01665217,1
0.9972493,1
0.06237162,1
0.9999087,1
0.9999993,1
0.9999386,1
0.9997793,1
0.9999903,1
0.9999087,1
0.9992322,1
0.9999946,1
0.06237162,1
0.06237162,1
0.06237162,1
0.2170624,1
0.9977781,1
0.9998775,1
0.9998165,1
0.06237162,1
0.9999087,1
0.5416957,1
0.9998775,1
0.5416957,1
0.5416957,1
0.2153133,1
0.9999943,1
0.9999344,1
0.9600927,1
0.9999799,1
0.9139496,1
0.9999344,1
1,1
0.9774533,1
0.9999626,1
0.9932063,1
0.3035996,1
1,1
0.2495538,1
0.3035996,1
0.9999982,1
0.9997366,1
0.9999541,1
0.9994936,1
0.3035996,1
1,1
0.9999344,1
0.4353392,1
0.2449669,1
0.9376503,1
0.9999986,1
0.9999987,1
0.9600927,1
0.9998767,1
0.002161846,1
0.7494746,1
1,1
0.3035996,1
0.3035996,1
0.9977921,1
0.9999998,1
0.9600927,1
1,1
0.9999982,1
0.9998767,1
0.3035996,1
1,1
0.9992049,1
0.006864548,1
0.9774533,1
0.9999982,1
0.4582151,1
0.4582151,1
0.4582151,1
0.4582151,1
0.4582151,1
0.9991407,1
0.4582151,1
0.9986807,1
0.9986807,1
0.9998403,1
0.9991407,1
0.9991407,1
0.9903037,1
0.9997215,1
0.4582151,1
0.0004025259,1
0.9991407,1
0.0002402021,1
0.0008636646,1
0.9991407,1
0.4582151,1
0.9903037,1
0.4582151,1
0.3629206,1
0.4582151,1
0.4582151,1
0.4582151,1
0.4582151,1
0.9986807,1
0.9997215,1
0.9991407,1
0.9991407,1
0.9991407,1
0.9979029,1
0.9997215,1
0.9997215,1
0.9012117,1
0.7130367,1
0.7130367,1
0.9775788,1
0.5741409,1
0.7130367,1
0.9012117,1
0.6254209,1
0.7130367,1
0.5741409,1
0.5741409,1
0.9928236,1
0.9012117,1
0.9012117,1
0.5683575,1
0.9301201,1
0.7130367,1
0.7130367,1
0.5741409,1
0.9700978,1
0.9012117,1
0.9987062,1
0.7130367,1
0.5683575,1
0.7130367,1
0.7130367,1
0.05853901,1
0.7130367,1
0.7130367,1
0.5683575,1
0.9977263,1
0.7130367,1
0.7130367,1
0.7130367,1
0.9991291,1
0.9012117,1
0.7130367,1
0.9012117,1
0.9012117,1
0.9991291,1
0.9991291,1
0.9991291,1
0.9999999,1
0.9999999,1
0.9968786,1
0.9999989,1
0.9993474,1
0.9993474,1
0.9993474,1
0.9972059,1
0.8418936,1
0.9997862,1
0.9999918,1
0.9992332,1
0.8336462,1
0.9992332,1
0.999885,1
0.9992839,1
0.9999585,1
0.9999577,1
0.9999444,1
0.9999714,1
0.9999697,1
0.9821628,1
0.4562145,1
0.9999908,1
0.9691233,1
0.9999908,1
0.9999908,1
0.9999213,1
1,1
1,1
0.9999948,1
0.9999948,1
0.9999666,1
0.999763,1
0.001900792,1
0.5232231,1
0.9999715,1
0.999318,1
0.3072674,1
0.9975544,1
0.9984462,1
0.9999999,1
0.9995208,1
0.3289989,1
0.9997579,1
0.999995,1
0.9961713,1
0.3289989,1
0.17321,1
0.749207,1
0.6081697,1
0.9997016,1
0.9999303,1
0.9504094,1
0.9989987,1
0.9494238,1
0.9948983,1
0.9999999,1
0.01885583,1
0.08888671,1
0.9999042,1
0.9992464,1
4.269536e-06,1
7.967566e-10,1
0.08888671,1
0.9999889,1
0.9991474,1
0.999674,1
0.9962921,1
6.191963e-05,1
0.9999969,1
0.9999999,1
0.9999856,1
0.9999413,1
0.9998851,1
0.9535103,1
0.9994979,1
0.999674,1
0.999674,1
0.9999889,1
0.9999889,1
0.9848844,1
0.08888671,1
0.9948213,1
0.999674,1
0.9997061,1
0.08888671,1
0.9994979,1
0.9998851,1
0.736734,1
0.736734,1
0.2974878,1
0.9998598,1
0.9920941,1
0.9561279,1
0.9561279,1
0.5907329,1
0.3217934,1
0.9975886,1
0.9999962,1
0.01178394,1
0.9999375,1
0.9999974,1
0.3998685,1
0.3217934,1
0.2388356,1
0.9999999,1
0.3217934,1
0.3217934,1
0.3217934,1
0.3998685,1
0.3217934,1
0.9943257,1
0.9999495,1
0.9999999,1
0.9975886,1
0.3217934,1
0.9999375,1
0.9999999,1
0.9999993,1
0.9999955,1
0.001001279,1
0.9626569,1
0.9999974,1
0.9999375,1
0.3217934,1
0.9999375,1
0.3217934,1
0.3217934,1
0.9999999,1
0.0315845,1
0.3217934,1
0.9999375,1
0.9999495,1
1,1
0.9997196,1
0.9257039,1
0.9987879,1
0.779799,1
0.9962717,1
0.9999979,1
0.9999979,1
0.7486345,1
0.9995208,1
0.8125463,1
0.8745135,1
0.7486345,1
0.9999777,1
0.9999777,1
0.9999777,1
0.9999702,1
0.9999777,1
0.8852527,1
0.2373781,1
0.9317929,1
0.9999777,1
0.9999777,1
0.06060481,1
0.06060481,1
0.9999777,1
0.9984955,1
0.9984955,1
0.8852527,1
0.9984462,1
0.9984462,1
0.05959497,0
2.509643e-13,0
8.316107e-23,0
4.239371e-10,0
1.111439e-16,0
1.59455e-05,0
0.9385679,0
0.006864548,0
1.853895e-11,0
0.3035996,0
9.30203e-14,0
0.1251218,0
0.2494831,0
0.1191762,0
0.003445943,0
3.988843e-11,0
0.22982,0
9.542331e-14,0
4.991906e-09,0
4.457599e-05,0
0.9999931,0
3.035798e-21,0
8.767144e-11,0
0.2494831,0
4.729742e-16,0
0.04761266,0
1.207289e-12,0
0.07026735,0
2.766413e-22,0
5.035207e-12,0
4.722815e-10,0
0.736734,0
1.451048e-11,0
1.901606e-18,0
1.754621e-13,0
0.472639,0
2.409574e-11,0
5.366585e-21,0
1.109535e-11,0
1.468305e-06,0
3.586186e-13,0
7.960829e-08,0
1.554946e-15,0
2.883153e-21,0
6.428479e-09,0
1.00566e-11,0
2.260193e-12,0
1.550847e-14,0
1.59455e-05,0
0.06020804,0
0.1112689,0
8.123927e-07,0
0.04761266,0
1.372708e-08,0
3.058916e-06,0
6.428479e-09,0
6.700456e-08,0
2.557007e-14,0
0.06410659,0
0.979046,0
9.30203e-14,0
1.523421e-13,0
1.24061e-10,0
3.463867e-08,0
1.59455e-05,0
0.17321,0
0.07026735,0
8.833847e-19,0
5.365821e-07,0
6.760267e-11,0
1.756033e-07,0
1.59455e-05,0
0.0006870119,0
0.3217934,0
0.8819503,0
1.560361e-06,0
4.611931e-11,0
0.05645137,0
0.9999998,0
2.994602e-19,0
1.458628e-12,0
1.215852e-17,0
2.341585e-05,0
0.4987798,0
0.01104836,0
0.00895418,0
1.59455e-05,0
1.612819e-19,0
2.323519e-14,0
1.381009e-05,0
3.474666e-12,0
0.008250927,0
0.1251218,0
1.00566e-11,0
3.735288e-16,0
8.096579e-16,0
5.644602e-11,0
1.005536e-13,0
0.0002816879,0
3.685372e-10,0
0.01238433,0
6.428479e-09,0
1.724924e-19,0
2.10904e-12,0
4.525949e-21,0
0.8411924,0
2.361168e-17,0
0.9997582,0
4.801826e-08,0
0.0906662,0
1.369645e-09,0
0.1586458,0
0.0139082,0
7.048193e-13,0
1.792399e-07,0
0.00556555,0
1.545172e-06,0
6.182503e-09,0
0.0002072925,0
2.055734e-18,0
1.385674e-12,0
6.08059e-18,0
4.550118e-09,0
1.376235e-11,0
1.24031e-10,0
0.9958216,0
7.584274e-08,0
9.780548e-15,0
6.428479e-09,0
2.456922e-10,0
6.927509e-09,0
8.232767e-18,0
1.603326e-08,0
0.3217934,0
0.0551578,0
1.263004e-06,0
1.160606e-09,0
2.633665e-06,0
0.2494831,0
3.892629e-12,0
2.79392e-17,0
7.034524e-12,0
2.578662e-20,0
9.734232e-25,0
1.618456e-14,0
0.1274534,0
2.520654e-12,0
0.9969376,0
0.1251218,0
2.79392e-17,0
5.518765e-05,0
0.4255335,0
0.08078284,0
7.933429e-06,0
4.184796e-14,0
8.232767e-18,0
0.08888671,0
1.596565e-13,0
2.751583e-06,0
0.01238433,0
4.81913e-06,0
1.495673e-16,0
0.0005088627,0
8.798011e-16,0
0.2494831,0
2.410263e-11,0
0.02738366,0
0.9091233,0
6.713872e-13,0
5.777637e-21,0
2.380088e-05,0
0.0001681749,0
3.410383e-17,0
1.92772e-15,0
4.920512e-11,0
4.097044e-25,0
0.0005295824,0
1.376235e-11,0
2.824999e-10,0
4.339494e-12,0
0.002788189,0
6.08059e-18,0
0.002660461,0
1.447415e-12,0
7.710166e-11,0
0.06237162,0
0.2494831,0
0.08989578,0
3.988843e-11,0
3.641915e-10,0
1.476909e-12,0
0.1251218,0
0.9129913,0
0.03123498,0
5.644602e-11,0
0.007590706,0
0.01703192,0
6.713872e-13,0
0.06060481,0
0.1586458,0
0.07711367,0
3.882437e-06,0
0.5907329,0
6.428479e-09,0
3.609132e-06,0
4.156847e-07,0
4.376058e-12,0
2.047401e-09,0
2.59946e-10,0
9.468686e-14,0
0.7486345,0
0.001100228,0
0.1178703,0
3.377776e-13,0
1.763424e-14,0
1.443663e-15,0
2.574457e-19,0
0.1586458,0
2.61905e-20,0
1.396315e-13,0
6.934361e-23,0
6.428479e-09,0
6.655823e-05,0
0.3072674,0
3.147722e-11,0
0.00556555,0
2.200132e-06,0
0.2494831,0
3.617316e-11,0
0.0002418036,0
4.964557e-06,0
2.509643e-13,0
0.003374931,0
6.428479e-09,0
4.611931e-11,0
1.402745e-18,0
1.00566e-11,0
6.738308e-06,0
8.304366e-11,0
1.075285e-15,0
5.707002e-18,0
0.0007674716,0
7.338555e-21,0
1.24061e-10,0
0.6840008,0
0.1191762,0
2.103544e-19,0
3.615997e-12,0
1.00566e-11,0
1.996892e-06,0
0.3289989,0
6.428479e-09,0
0.0002809951,0
6.1164e-12,0
4.382422e-12,0
1.062538e-10,0
0.3072674,0
2.784132e-17,0
9.889238e-06,0
6.700456e-08,0
0.1251218,0
8.137155e-20,0
5.735791e-14,0
0.9999948,0
8.631016e-13,0
5.329159e-14,0
1.72899e-18,0
5.881936e-28,0
8.777109e-20,0
3.04902e-19,0
2.578662e-20,0
0.0009730255,0
1.241763e-11,0
0.0858409,0
2.031134e-05,0
0.3072674,0
9.688727e-20,0
4.267792e-13,0
3.233777e-11,0
5.35908e-20,0
6.738039e-05,0
9.513591e-08,0
1.163501e-19,0
2.618212e-08,0
1.666687e-14,0
2.221718e-19,0
8.232767e-18,0
0.4255335,0
6.530774e-12,0
0.001451562,0
1.604494e-16,0
8.798011e-16,0
0.001358822,0
1.378679e-14,0
3.775202e-06,0
6.428479e-09,0
0.4583717,0
0.007914927,0
1.477139e-10,0
1.563791e-08,0
0.0004079099,0
1.519518e-20,0
6.018389e-21,0
8.775538e-06,0
0.004470309,0
0.3072674,0
1.303625e-05,0
0.3217934,0
0.22982,0
0.001038425,0
2.825616e-08,0
0.0626711,0
0.4582151,0
0.1007323,0
1.960183e-09,0
9.734232e-25,0
0.08373529,0
1.350405e-13,0
9.070438e-08,0
2.449748e-10,0
1.180459e-05,0
5.162926e-05,0
0.2494831,0
1.500054e-18,0
0.006419916,0
6.073121e-12,0
0.896688,0
0.1191762,0
0.08888671,0
0.0858409,0
0.00556555,0
7.886871e-10,0
0.05959497,0
8.060967e-20,0
0.1190777,0
0.001100228,0
9.806618e-09,0
5.528522e-12,0
2.316476e-20,0
3.019641e-13,0
0.06301767,0
1.158476e-17,0
0.001877541,0
5.924389e-11,0
0.4255335,0
1.103051e-07,0
0.2974878,0
6.428479e-09,0
1.259405e-09,0
1.782555e-17,0
0.06060481,0
0.05645137,0
1.504132e-12,0
2.873351e-06,0
1.59455e-05,0
6.713872e-13,0
9.6434e-05,0
7.156994e-15,0
7.967566e-10,0
0.006112156,0
0.000148784,0
0.3072674,0
9.908961e-12,0
1.39667e-12,0
0.3294249,0
9.133561e-08,0
0.3289989,0
0.2494831,0
6.1164e-12,0
6.85966e-25,0
0.2494831,0
6.761133e-05,0
0.0005423918,0
0.3072674,0
0.001641601,0
1.334913e-19,0
2.014423e-11,0
1.24061e-10,0
0.5461917,0
3.332602e-13,0
9.780153e-08,0
0.00440611,0
2.905475e-08,0
1.519518e-20,0
5.027609e-15,0
2.086143e-12,0
1.783615e-11,0
6.172675e-17,0
2.919997e-08,0
0.001100228,0
0.998922,0
0.2268017,0
0.1937173,0
2.693902e-05,0
3.339642e-08,0
1.179768e-15,0
6.921846e-08,0
6.775472e-19,0
5.49289e-12,0
2.557007e-14,0
0.01858295,0
0.05645137,0
6.999197e-06,0
6.942741e-11,0
4.952017e-10,0
0.7965878,0
2.103955e-10,0
0.2797832,0
0.0001092523,0
2.867529e-05,0
2.101131e-11,0
0.4072392,0
5.106206e-08,0
0.3072674,0
7.795399e-11,0
1.59455e-05,0
0.2066234,0
5.644602e-11,0
0.001218613,0
1.9582e-11,0
4.27379e-12,0
1.098003e-10,0
1.046298e-13,0
8.568598e-05,0
1.683397e-13,0
1.962129e-08,0
0.02379281,0
0.2878536,0
9.69368e-20,0
0.1529251,0
0.1112689,0
0.05959497,0
3.147722e-11,0
0.04331872,0
0.1178703,0
2.428199e-15,0
8.609808e-07,0
0.1586458,0
1.897049e-17,0
2.438449e-13,0
4.964557e-06,0
5.629385e-16,0
6.713872e-13,0
0.06060481,0
9.009649e-14,0
0.9275383,0
1.724924e-19,0
2.898218e-12,0
6.530774e-12,0
7.907468e-07,0
1.943214e-18,0
3.808843e-16,0
0.4255335,0
0.22982,0
8.810783e-14,0
2.218705e-17,0
0.9999999,0
0.0001394708,0
1.001531e-06,0
2.903547e-08,0
0.1191762,0
0.07026735,0
0.001100228,0
2.818154e-17,0
1.724446e-16,0
0.3812023,0
0.17321,0
2.144509e-06,0
1.058895e-12,0
5.275755e-12,0
6.773764e-07,0
2.909891e-14,0
1.776721e-20,0
0.6081697,0
6.34404e-10,0
5.366585e-21,0
0.002849973,0
2.497686e-20,0
2.341585e-05,0
2.584849e-11,0
6.490329e-12,0
0.3707207,0
0.2251529,0
1.228545e-13,0
9.780153e-08,0
0.17321,0
0.8476896,0
1.586049e-24,0
0.996799,0
5.455662e-07,0
1.208679e-10,0
7.871679e-21,0
1.601079e-09,0
1.458628e-12,0
1.224778e-14,0
3.837096e-21,0
0.01933092,0
0.0005598099,0
7.871679e-21,0
4.952017e-10,0
1.075043e-15,0
0.002855924,0
0.7486345,0
1.468305e-06,0
1.743517e-08,0
4.922274e-12,0
2.218705e-17,0
1.209838e-09,0
2.196719e-06,0
0.002513958,0
0.1682459,0
4.335623e-08,0
0.0858409,0
0.002201695,0
6.428479e-09,0
3.786947e-11,0
0.08078284,0
0.3887875,0
3.5127e-13,0
4.991906e-09,0
0.1251218,0
0.4582151,0
1.853895e-11,0
0.05645137,0
6.700456e-08,0
0.01858295,0
6.150883e-10,0
0.06060481,0
0.001100228,0
0.000783662,0
3.231267e-30,0
0.1178703,0
1.402745e-18,0
0.736734,0
0.0001909661,0
0.1251218,0
1.772986e-07,0
1.004271e-05,0
0.06237162,0
0.06593539,0
1.035734e-15,0
5.644602e-11,0
6.307169e-21,0
0.07026735,0
6.254071e-08,0
0.01385486,0
2.143513e-06,0
0.08373529,0
0.1984141,0
0.9200925,0
1.549566e-11,0
1.566243e-10,0
0.0001990077,0
0.1945612,0
0.000526726,0
2.399497e-08,0
9.062558e-22,0
4.27188e-13,0
4.04736e-20,0
1.59455e-05,0
0.01633978,0
1.59455e-05,0
0.9999548,0
0.04331872,0
0.0007148911,0
0.1191762,0
3.91505e-07,0
0.1191762,0
0.736734,0
9.010113e-14,0
0.0002523664,0
9.780153e-08,0
0.05645137,0
0.9886386,0
0.07026735,0
0.3072674,0
1.277492e-13,0
2.071728e-09,0
4.097044e-25,0
9.538197e-11,0
0.7486345,0
1.538777e-16,0
1.724924e-19,0
0.01755457,0
0.1617897,0
1.59455e-05,0
0.001100228,0
0.1984141,0
1.859224e-11,0
6.428479e-09,0
4.272234e-07,0
2.133007e-10,0
2.387788e-14,0
5.644602e-11,0
0.0008985671,0
1.489079e-13,0
0.0394462,0
0.2449511,0
0.9597275,0
6.575147e-15,0
0.0006536517,0
0.2974878,0
6.713872e-13,0
1.739378e-15,0
5.132099e-06,0
0.1178703,0
1.510652e-20,0
5.540765e-13,0
0.3072674,0
1.646787e-09,0
4.185021e-21,0
2.101131e-11,0
0.4655603,0
2.909891e-14,0
1.781113e-18,0
2.341822e-15,0
0.0008985671,0
0.05968729,0
1.387212e-10,0
0.04902378,0
8.193977e-11,0
1.288399e-19,0
0.003860986,0
0.22982,0
3.181754e-07,0
0.003190271,0
1.097884e-14,0
2.79392e-17,0
4.280692e-19,0
1.246295e-05,0
0.01008686,0
1.103051e-07,0
5.76301e-17,0
1.004271e-05,0
0.04331872,0
0.1112689,0
0.06060481,0
9.794302e-08,0
0.3072674,0
1.618966e-10,0
4.550118e-09,0
0.08228955,0
8.437166e-06,0
6.610413e-05,0
1.24061e-10,0
4.513643e-08,0
0.17321,0
1.004271e-05,0
0.01100654,0
0.1586458,0
0.002513958,0
4.81913e-06,0
0.4255335,0
1.263004e-06,0
1.756586e-14,0
0.4255335,0
5.71501e-07,0
8.223113e-15,0
7.048193e-13,0
1.682142e-17,0
0.9999948,0
4.178168e-18,0
0.3217934,0
0.001754961,0
0.3035996,0
0.2494831,0
6.3301e-06,0
6.713872e-13,0
1.702231e-09,0
0.06593539,0
6.738308e-06,0
6.714191e-17,0
0.6105268,0
6.428479e-09,0
0.3072674,0
0.3035996,0
3.230016e-19,0
0.002201695,0
2.103544e-19,0
1.793547e-06,0
1.262669e-20,0
3.783423e-19,0
1.353143e-07,0
4.173326e-06,0
6.428479e-09,0
0.03622369,0
1.164425e-08,0
3.46815e-16,0
4.525949e-21,0
0.0003531528,0
0.0003038183,0
6.700456e-08,0
6.700456e-08,0
0.9745669,0
0.17321,0
1.45243e-10,0
0.9226717,0
4.550118e-09,0
0.01858295,0
1.24031e-10,0
5.792433e-10,0
0.05645137,0
7.917588e-06,0
6.490329e-12,0
0.0008985671,0
1.59455e-05,0
2.410263e-11,0
0.736734,0
0.06593539,0
4.901465e-31,0
1.271675e-08,0
2.578662e-20,0
8.012838e-19,0
2.155621e-13,0
0.002201695,0
0.9991665,0
0.7531088,0
0.9983595,0
6.886999e-20,0
1.59455e-05,0
1.004271e-05,0
0.003860986,0
1.15144e-16,0
0.5741409,0
6.700456e-08,0
2.410263e-11,0
2.661808e-12,0
0.004058462,0
8.012838e-19,0
0.4072392,0
2.044762e-17,0
3.041582e-14,0
0.003387085,0
3.117376e-11,0
6.219472e-10,0
5.569266e-13,0
5.106206e-08,0
6.738308e-06,0
6.428479e-09,0
3.147722e-11,0
3.561015e-09,0
0.5907329,0
0.04120954,0
2.191193e-05,0
6.428479e-09,0
2.739517e-08,0
4.785731e-09,0
1.016118e-10,0
0.3072674,0
1.00566e-11,0
0.1586458,0
1.853895e-11,0
0.05959497,0
0.8418936,0
0.001520392,0
1.139897e-19,0
0.03698574,0
5.890374e-22,0
4.297999e-10,0
1.202562e-10,0
2.864197e-15,0
5.42605e-08,0
7.895981e-13,0
8.232767e-18,0
7.156994e-15,0
0.0006673061,0
0.3294249,0
6.674124e-06,0
0.002201695,0
9.30203e-14,0
5.644602e-11,0
0.1586458,0
7.565256e-05,0
0.1036284,0
0.8336462,0
6.569153e-08,0
2.529702e-21,0
6.150883e-10,0
0.472639,0
3.557662e-16,0
1.00566e-11,0
2.099583e-05,0
6.575147e-15,0
1.163501e-19,0
1.420201e-14,0
0.3294249,0
1.805178e-06,0
7.795399e-11,0
0.7486345,0
4.027538e-13,0
0.0004312784,0
1.59455e-05,0
1.568687e-05,0
1.114796e-10,0
1.004271e-05,0
3.035798e-21,0
0.01904121,0
6.932224e-06,0
2.044735e-13,0
0.09118402,0
1.261925e-09,0
0.01883065,0
2.396795e-07,0
1.510652e-20,0
2.103544e-19,0
6.910991e-15,0
0.4072392,0
1.601079e-09,0
1.763424e-14,0
5.792433e-10,0
0.05968729,0
0.3072674,0
0.0004079099,0
0.06060481,0
6.700456e-08,0
6.197794e-20,0
0.4255335,0
5.813546e-07,0
8.527147e-12,0
0.3812023,0
0.0551578,0
0.02701982,0
5.329159e-14,0
1.361891e-18,0
1.59455e-05,0
2.40857e-13,0
9.30203e-14,0
9.780153e-08,0
0.005612021,0
6.655823e-05,0
1.192521e-07,0
0.0006870119,0
1.072775e-05,0
2.26625e-08,0
7.871679e-21,0
0.00278252,0
0.06060481,0
1.334583e-09,0
0.06060481,0
0.0001394708,0
1.501124e-10,0
0.06060481,0
1.701243e-10,0
0.0001532077,0
1.331713e-19,0
4.611931e-11,0
6.428479e-09,0
4.651426e-12,0
0.1586458,0
7.670449e-10,0
2.718841e-05,0
7.967566e-10,0
5.852988e-08,0
0.9919145,0
0.09508454,0
0.08078284,0
9.738967e-14,0
1.036525e-07,0
5.178924e-20,0
2.4235e-07,0
9.341248e-15,0
0.1945612,0
2.208481e-08,0
2.605029e-21,0
3.384177e-11,0
2.843887e-07,0
0.05645137,0
7.034524e-12,0
3.350594e-21,0
0.4970294,0
0.3445816,0
1.299909e-16,0
1.59455e-05,0
0.06060481,0
4.272234e-07,0
3.179521e-08,0
6.428479e-09,0
0.01243423,0
0.1586458,0
0.0002634008,0
5.917659e-11,0
6.228265e-15,0
2.399497e-08,0
3.735288e-16,0
0.472639,0
0.08888671,0
7.027079e-24,0
1.24061e-10,0
9.495016e-22,0
0.004463106,0
0.4353404,0
2.818154e-17,0
4.063439e-25,0
0.1685859,0
0.3072674,0
3.540386e-09,0
0.4583717,0
1.501984e-09,0
0.05959497,0
0.04761266,0
0.5222557,0
1.566243e-10,0
2.857892e-13,0
0.3072674,0
1.227961e-05,0
2.780126e-13,0
0.1922565,0
6.760267e-11,0
5.244687e-14,0
4.720451e-12,0
6.414985e-19,0
0.01808979,0
0.3887875,0
7.970345e-18,0
0.7486345,0
8.123927e-07,0
0.736734,0
8.781117e-15,0
2.61905e-20,0
0.003449977,0
5.366585e-21,0
3.126548e-17,0
6.700456e-08,0
0.0005441835,0
0.472639,0
0.9953075,0
4.662379e-08,0
6.1164e-12,0
0.08888671,0
1,0
0.08989578,0
3.988261e-13,0
2.557007e-14,0
4.328141e-10,0
1.257867e-20,0
0.06301767,0
1.016118e-10,0
2.939137e-10,0
9.341248e-15,0
6.440979e-06,0
5.445067e-05,0
0.08228955,0
3.092994e-14,0
0.1036284,0
0.06060481,0
0.006092134,0
3.266607e-12,0
0.01048397,0
0.1178703,0
3.580329e-09,0
1.067369e-07,0
0.5390642,0
3.84007e-13,0
0.7130367,0
0.06237162,0
0.1178703,0
7.751975e-10,0
0.1178703,0
2.497707e-11,0
0.5222557,0
0.1036284,0
1.476909e-12,0
0.8577104,0
0.08373529,0
3.791927e-15,0
0.983596,0
1.24728e-05,0
1.613272e-05,0
0.06060481,0
4.81913e-06,0
0.03698574,0
4.339494e-12,0
7.048193e-13,0
0.06237162,0
1.613093e-22,0
0.08373529,0
2.789679e-19,0
2.085503e-19,0
0.1251218,0
6.576836e-09,0
1.350405e-13,0
6.428479e-09,0
0.5907329,0
6.440979e-06,0
6.428479e-09,0
1.381009e-05,0
0.003860986,0
0.2494831,0
0.979046,0
0.294506,0
1.334583e-09,0
0.08373529,0
5.193338e-08,0
9.622091e-10,0
1.113679e-17,0
0.08373529,0
0.06060481,0
2.103544e-19,0
4.524309e-14,0
2.380088e-05,0
1.718313e-06,0
4.996086e-05,0
1.850582e-10,0
0.1586458,0
3.847206e-15,0
0.9113449,0
0.05645137,0
3.502724e-13,0
2.047261e-12,0
1.45808e-16,0
4.430531e-19,0
2.509643e-13,0
0.6574596,0
0.3072674,0
8.448251e-10,0
0.06060481,0
0.07026735,0
5.329159e-14,0
0.3350169,0
3.679318e-10,0
0.002513958,0
6.932224e-06,0
8.025094e-14,0
2.098948e-22,0
4.785731e-09,0
1.097884e-14,0
1.366064e-11,0
6.700456e-08,0
1.793547e-06,0
2.08697e-16,0
5.569266e-13,0
0.0001047036,0
0.06020804,0
1.657833e-17,0
0.1586458,0
1.225558e-07,0
5.00247e-08,0
8.767144e-11,0
5.540765e-13,0
1,0
3.364737e-12,0
3.362532e-11,0
1.59455e-05,0
4.689735e-22,0
3.465507e-06,0
0.0006870119,0
0.001218613,0
3.084411e-17,0
4.629582e-08,0
1.303625e-05,0
0.3072674,0
0.6834888,0
0.736734,0
9.388557e-13,0
2.08697e-16,0
9.780153e-08,0
2.279387e-06,0
2.704492e-17,0
1.560361e-06,0
0.1682459,0
3.604202e-12,0
2.368968e-13,0
1.097169e-05,0
0.7385466,0
2.847409e-08,0
0.1251218,0
0.000526726,0
3.580329e-09,0
2.851412e-07,0
2.077456e-15,0
1.074987e-10,0
2.196719e-06,0
0.05968729,0
7.295151e-14,0
5.971364e-16,0
2.79392e-17,0
2.93058e-09,0
3.988843e-11,0
0.1586458,0
4.392571e-17,0
2.065302e-06,0
2.818154e-17,0
2.467529e-11,0
1.793547e-06,0
0.000336343,0
7.912927e-13,0
1.004271e-05,0
2.45342e-09,0
1.59455e-05,0
7.075617e-13,0
6.035583e-22,0
0.06301767,0
2.368968e-13,0
8.330792e-12,0
2.337524e-19,0
4.228012e-20,0
2.28134e-14,0
2.039869e-17,0
0.1586458,0
0.1221028,0
0.06060481,0
6.490329e-12,0
9.637831e-14,0
1.676762e-16,0
2.528462e-10,0
1.004271e-05,0
7.536291e-14,0
8.506082e-15,0
0.2494831,0
1.59455e-05,0
6.760267e-11,0
1.5938e-09,0
0.09118402,0
6.152385e-25,0
0.002201695,0
2.540284e-07,0
2.540284e-07,0
0.01858295,0
5.444297e-15,0
9.862335e-15,0
8.232767e-18,0
1.148741e-10,0
7.156994e-15,0
0.000173089,0
1.960183e-09,0
0.3294249,0
5.880135e-15,0
2.210999e-17,0
1.724046e-15,0
0.05795043,0
0.06060481,0
0.5907329,0
6.428479e-09,0
0.1190777,0
